www.prv.waqwe.com
www.prv.waqwe.com
www.prv.waqwe.com
www.prv.waqwe.com
www.prv.waqwe.com
www.time.mk
www.gmail.com
www.taskforcebpo.com
www.go.com
http://www.prv.waqwe.com
liam@protonmail.com
noah@gmail.com
oliver@gmail.com
elijah@gmail.com
william@yahoo.com
james@james.com
benjamin@outlook.com
lucas@outlook.com
henry@henry.com
alexander@alexander.com
mason@outlook.com
michael@protonmail.com
ethan@yahoo.com
daniel@gmail.com
jacob@protonmail.com
logan@logan.com
jackson@gmail.com
levi@protonmail.com
sebastian@sebastian.com
mateo@mateo.com
jack@gmail.com
owen@outlook.com
theodore@yahoo.com
aiden@outlook.com
samuel@yahoo.com
joseph@gmail.com
john@john.com
david@gmail.com
wyatt@yahoo.com
matthew@outlook.com
luke@outlook.com
asher@protonmail.com
carter@carter.com
julian@yahoo.com
grayson@yahoo.com
leo@yahoo.com
jayden@protonmail.com
gabriel@gmail.com
isaac@protonmail.com
lincoln@protonmail.com
anthony@gmail.com
hudson@hudson.com
dylan@gmail.com
ezra@yahoo.com
thomas@yahoo.com
charles@yahoo.com
christopher@outlook.com
jaxon@outlook.com
maverick@maverick.com
josiah@outlook.com
isaiah@gmail.com
andrew@protonmail.com
elias@gmail.com
joshua@protonmail.com
nathan@gmail.com
caleb@caleb.com
ryan@gmail.com
adrian@yahoo.com
miles@gmail.com
eli@gmail.com
nolan@outlook.com
christian@yahoo.com
aaron@outlook.com
cameron@gmail.com
ezekiel@ezekiel.com
colton@gmail.com
luca@luca.com
landon@landon.com
hunter@gmail.com
jonathan@jonathan.com
santiago@protonmail.com
axel@gmail.com
easton@protonmail.com
cooper@yahoo.com
jeremiah@yahoo.com
angel@angel.com
roman@yahoo.com
connor@outlook.com
jameson@yahoo.com
robert@protonmail.com
greyson@gmail.com
jordan@yahoo.com
ian@ian.com
carson@protonmail.com
jaxson@outlook.com
leonardo@leonardo.com
nicholas@nicholas.com
dominic@protonmail.com
austin@protonmail.com
everett@gmail.com
brooks@protonmail.com
xavier@outlook.com
kai@outlook.com
jose@protonmail.com
parker@yahoo.com
adam@outlook.com
jace@yahoo.com
wesley@wesley.com
kayden@protonmail.com
silas@yahoo.com
bennett@outlook.com
declan@declan.com
waylon@protonmail.com
weston@protonmail.com
evan@evan.com
emmett@yahoo.com
micah@outlook.com
ryder@gmail.com
beau@beau.com
damian@yahoo.com
brayden@protonmail.com
gael@protonmail.com
rowan@rowan.com
harrison@outlook.com
bryson@outlook.com
sawyer@gmail.com
amir@yahoo.com
kingston@outlook.com
jason@yahoo.com
giovanni@yahoo.com
vincent@gmail.com
ayden@protonmail.com
chase@chase.com
myles@outlook.com
diego@outlook.com
nathaniel@outlook.com
legend@yahoo.com
jonah@yahoo.com
river@gmail.com
tyler@outlook.com
cole@outlook.com
braxton@protonmail.com
george@yahoo.com
milo@outlook.com
zachary@yahoo.com
ashton@ashton.com
luis@gmail.com
jasper@yahoo.com
kaiden@kaiden.com
adriel@outlook.com
gavin@yahoo.com
bentley@bentley.com
calvin@protonmail.com
zion@zion.com
juan@yahoo.com
maxwell@outlook.com
max@yahoo.com
ryker@yahoo.com
carlos@yahoo.com
emmanuel@yahoo.com
jayce@outlook.com
lorenzo@protonmail.com
ivan@yahoo.com
jude@gmail.com
august@outlook.com
kevin@gmail.com
malachi@yahoo.com
elliott@yahoo.com
rhett@protonmail.com
archer@yahoo.com
karter@outlook.com
arthur@yahoo.com
luka@yahoo.com
elliot@outlook.com
thiago@thiago.com
brandon@brandon.com
camden@gmail.com
justin@protonmail.com
jesus@outlook.com
maddox@gmail.com
king@yahoo.com
theo@gmail.com
enzo@protonmail.com
matteo@outlook.com
emiliano@yahoo.com
dean@dean.com
hayden@outlook.com
finn@finn.com
brody@outlook.com
antonio@gmail.com
abel@yahoo.com
alex@alex.com
tristan@yahoo.com
graham@protonmail.com
zayden@yahoo.com
judah@protonmail.com
xander@protonmail.com
miguel@miguel.com
atlas@outlook.com
messiah@protonmail.com
barrett@gmail.com
tucker@yahoo.com
timothy@yahoo.com
alan@protonmail.com
edward@edward.com
leon@outlook.com
dawson@yahoo.com
eric@gmail.com
ace@yahoo.com
victor@gmail.com
abraham@gmail.com
nicolas@yahoo.com
jesse@jesse.com
charlie@outlook.com
patrick@protonmail.com
walker@gmail.com
joel@gmail.com
richard@protonmail.com
beckett@beckett.com
blake@blake.com
alejandro@alejandro.com
avery@outlook.com
grant@grant.com
peter@outlook.com
oscar@outlook.com
matias@protonmail.com
amari@outlook.com
lukas@protonmail.com
andres@yahoo.com
arlo@gmail.com
colt@yahoo.com
adonis@protonmail.com
kyrie@kyrie.com
steven@protonmail.com
felix@gmail.com
preston@yahoo.com
marcus@marcus.com
holden@outlook.com
emilio@outlook.com
remington@yahoo.com
jeremy@gmail.com
kaleb@kaleb.com
brantley@brantley.com
bryce@gmail.com
mark@yahoo.com
knox@yahoo.com
israel@protonmail.com
phoenix@phoenix.com
kobe@gmail.com
nash@outlook.com
griffin@gmail.com
caden@protonmail.com
kenneth@kenneth.com
kyler@kyler.com
hayes@gmail.com
jax@gmail.com
rafael@yahoo.com
beckham@gmail.com
javier@javier.com
maximus@gmail.com
simon@protonmail.com
paul@paul.com
omar@protonmail.com
kaden@gmail.com
kash@yahoo.com
lane@protonmail.com
bryan@outlook.com
riley@riley.com
zane@yahoo.com
louis@outlook.com
aidan@gmail.com
paxton@outlook.com
maximiliano@gmail.com
karson@protonmail.com
cash@yahoo.com
cayden@yahoo.com
emerson@gmail.com
tobias@tobias.com
ronan@gmail.com
brian@gmail.com
dallas@gmail.com
bradley@outlook.com
jorge@outlook.com
walter@protonmail.com
josue@outlook.com
khalil@yahoo.com
damien@outlook.com
jett@gmail.com
kairo@protonmail.com
zander@gmail.com
andre@yahoo.com
cohen@outlook.com
crew@protonmail.com
hendrix@protonmail.com
colin@outlook.com
chance@yahoo.com
malakai@yahoo.com
clayton@yahoo.com
daxton@daxton.com
malcolm@gmail.com
lennox@outlook.com
martin@protonmail.com
jaden@yahoo.com
kayson@outlook.com
bodhi@gmail.com
francisco@francisco.com
cody@gmail.com
erick@yahoo.com
kameron@outlook.com
atticus@atticus.com
dante@outlook.com
jensen@outlook.com
cruz@protonmail.com
finley@finley.com
brady@yahoo.com
joaquin@outlook.com
anderson@outlook.com
gunner@outlook.com
muhammad@protonmail.com
zayn@zayn.com
derek@derek.com
raymond@outlook.com
kyle@gmail.com
angelo@gmail.com
reid@outlook.com
spencer@yahoo.com
nico@protonmail.com
jaylen@protonmail.com
jake@jake.com
prince@prince.com
manuel@gmail.com
ali@ali.com
gideon@gideon.com
stephen@protonmail.com
ellis@outlook.com
orion@orion.com
rylan@outlook.com
eduardo@gmail.com
mario@protonmail.com
rory@yahoo.com
cristian@cristian.com
odin@protonmail.com
tanner@tanner.com
julius@julius.com
callum@protonmail.com
sean@protonmail.com
kane@protonmail.com
ricardo@ricardo.com
travis@outlook.com
wade@wade.com
warren@protonmail.com
fernando@outlook.com
titus@gmail.com
leonel@leonel.com
edwin@yahoo.com
cairo@protonmail.com
corbin@protonmail.com
dakota@outlook.com
ismael@protonmail.com
colson@colson.com
killian@protonmail.com
major@major.com
tate@gmail.com
gianni@protonmail.com
elian@yahoo.com
remy@gmail.com
lawson@lawson.com
niko@gmail.com
nasir@protonmail.com
kade@outlook.com
armani@gmail.com
ezequiel@gmail.com
marshall@yahoo.com
hector@protonmail.com
desmond@desmond.com
kason@gmail.com
garrett@gmail.com
jared@jared.com
cyrus@cyrus.com
russell@gmail.com
cesar@gmail.com
tyson@outlook.com
malik@yahoo.com
donovan@outlook.com
jaxton@jaxton.com
cade@gmail.com
romeo@gmail.com
nehemiah@gmail.com
sergio@yahoo.com
iker@gmail.com
caiden@protonmail.com
jay@jay.com
pablo@outlook.com
devin@gmail.com
jeffrey@jeffrey.com
otto@outlook.com
kamari@gmail.com
ronin@yahoo.com
johnny@johnny.com
clark@outlook.com
ari@outlook.com
marco@protonmail.com
edgar@outlook.com
bowen@outlook.com
jaiden@protonmail.com
grady@gmail.com
zayne@gmail.com
sullivan@gmail.com
jayceon@gmail.com
sterling@protonmail.com
andy@protonmail.com
conor@protonmail.com
raiden@raiden.com
royal@protonmail.com
royce@outlook.com
solomon@gmail.com
trevor@outlook.com
winston@gmail.com
emanuel@outlook.com
finnegan@protonmail.com
pedro@pedro.com
luciano@outlook.com
harvey@gmail.com
franklin@outlook.com
noel@gmail.com
troy@yahoo.com
princeton@gmail.com
johnathan@protonmail.com
erik@yahoo.com
fabian@yahoo.com
oakley@oakley.com
rhys@yahoo.com
porter@protonmail.com
hugo@outlook.com
frank@gmail.com
damon@outlook.com
kendrick@outlook.com
mathias@gmail.com
milan@milan.com
peyton@outlook.com
wilder@wilder.com
callan@callan.com
gregory@gregory.com
seth@seth.com
matthias@gmail.com
briggs@outlook.com
ibrahim@protonmail.com
roberto@protonmail.com
conner@conner.com
quinn@quinn.com
kashton@kashton.com
sage@yahoo.com
santino@gmail.com
kolton@gmail.com
alijah@alijah.com
dominick@gmail.com
zyaire@zyaire.com
apollo@outlook.com
kylo@yahoo.com
reed@outlook.com
philip@yahoo.com
kian@protonmail.com
shawn@shawn.com
kaison@protonmail.com
leonidas@gmail.com
ayaan@gmail.com
lucca@gmail.com
memphis@outlook.com
ford@ford.com
baylor@outlook.com
kyson@yahoo.com
uriel@protonmail.com
allen@gmail.com
collin@yahoo.com
ruben@ruben.com
archie@gmail.com
dalton@gmail.com
esteban@esteban.com
adan@outlook.com
forrest@gmail.com
alonzo@alonzo.com
isaias@gmail.com
leland@outlook.com
jase@gmail.com
dax@protonmail.com
kasen@yahoo.com
gage@gage.com
kamden@outlook.com
marcos@marcos.com
jamison@jamison.com
francis@francis.com
hank@gmail.com
alexis@gmail.com
tripp@protonmail.com
frederick@protonmail.com
jonas@outlook.com
stetson@yahoo.com
cassius@protonmail.com
izaiah@yahoo.com
eden@eden.com
maximilian@gmail.com
rocco@gmail.com
tatum@outlook.com
keegan@keegan.com
aziel@yahoo.com
moses@moses.com
bruce@protonmail.com
lewis@yahoo.com
braylen@braylen.com
omari@outlook.com
mack@yahoo.com
augustus@yahoo.com
enrique@yahoo.com
armando@gmail.com
pierce@protonmail.com
moises@moises.com
asa@yahoo.com
shane@shane.com
emmitt@outlook.com
soren@yahoo.com
dorian@protonmail.com
keanu@protonmail.com
zaiden@gmail.com
raphael@yahoo.com
deacon@protonmail.com
abdiel@outlook.com
kieran@kieran.com
phillip@phillip.com
ryland@yahoo.com
zachariah@zachariah.com
casey@protonmail.com
zaire@protonmail.com
albert@gmail.com
baker@protonmail.com
corey@corey.com
kylan@yahoo.com
denver@gmail.com
gunnar@protonmail.com
jayson@jayson.com
drew@protonmail.com
callen@yahoo.com
jasiah@protonmail.com
drake@outlook.com
kannon@outlook.com
braylon@yahoo.com
sonny@outlook.com
bo@gmail.com
moshe@yahoo.com
huxley@yahoo.com
quentin@protonmail.com
rowen@outlook.com
santana@yahoo.com
cannon@yahoo.com
kenzo@yahoo.com
wells@wells.com
julio@gmail.com
nikolai@yahoo.com
conrad@protonmail.com
jalen@gmail.com
makai@gmail.com
benson@benson.com
derrick@yahoo.com
gerardo@protonmail.com
davis@davis.com
abram@yahoo.com
mohamed@protonmail.com
ronald@ronald.com
raul@gmail.com
arjun@protonmail.com
dexter@protonmail.com
kaysen@outlook.com
jaime@outlook.com
scott@outlook.com
lawrence@outlook.com
ariel@yahoo.com
skyler@outlook.com
danny@protonmail.com
roland@gmail.com
chandler@chandler.com
yusuf@yahoo.com
samson@outlook.com
case@case.com
zain@yahoo.com
roy@outlook.com
rodrigo@protonmail.com
sutton@yahoo.com
boone@boone.com
saint@saint.com
saul@outlook.com
jaziel@jaziel.com
hezekiah@hezekiah.com
alec@outlook.com
arturo@outlook.com
jamari@protonmail.com
jaxtyn@outlook.com
julien@protonmail.com
koa@yahoo.com
reece@outlook.com
landen@protonmail.com
koda@yahoo.com
darius@outlook.com
sylas@sylas.com
ares@outlook.com
kyree@yahoo.com
boston@outlook.com
keith@outlook.com
taylor@gmail.com
johan@johan.com
edison@edison.com
sincere@sincere.com
watson@outlook.com
jerry@yahoo.com
nikolas@gmail.com
quincy@protonmail.com
shepherd@shepherd.com
brycen@brycen.com
marvin@outlook.com
dariel@dariel.com
axton@gmail.com
donald@gmail.com
bodie@bodie.com
finnley@protonmail.com
onyx@onyx.com
rayan@rayan.com
raylan@raylan.com
brixton@protonmail.com
colby@gmail.com
shiloh@shiloh.com
valentino@yahoo.com
layton@protonmail.com
trenton@gmail.com
landyn@outlook.com
alessandro@protonmail.com
ahmad@yahoo.com
gustavo@yahoo.com
ledger@outlook.com
ridge@protonmail.com
ander@protonmail.com
ahmed@gmail.com
kingsley@outlook.com
issac@protonmail.com
mauricio@outlook.com
tony@gmail.com
leonard@leonard.com
mohammed@gmail.com
uriah@protonmail.com
duke@yahoo.com
kareem@yahoo.com
lucian@gmail.com
marcelo@gmail.com
aarav@aarav.com
leandro@outlook.com
reign@yahoo.com
clay@yahoo.com
kohen@kohen.com
dennis@gmail.com
samir@protonmail.com
ermias@yahoo.com
otis@protonmail.com
emir@outlook.com
nixon@yahoo.com
ty@gmail.com
sam@yahoo.com
fletcher@gmail.com
wilson@yahoo.com
dustin@yahoo.com
hamza@hamza.com
bryant@gmail.com
flynn@yahoo.com
lionel@gmail.com
mohammad@outlook.com
cason@gmail.com
jamir@outlook.com
aden@aden.com
dakari@dakari.com
justice@justice.com
dillon@dillon.com
layne@yahoo.com
zaid@protonmail.com
alden@alden.com
nelson@protonmail.com
devon@yahoo.com
titan@outlook.com
chris@protonmail.com
khari@gmail.com
zeke@yahoo.com
noe@noe.com
alberto@alberto.com
roger@protonmail.com
brock@outlook.com
rex@yahoo.com
quinton@yahoo.com
alvin@yahoo.com
cullen@outlook.com
azariah@azariah.com
harlan@harlan.com
kellan@kellan.com
lennon@lennon.com
marcel@outlook.com
keaton@gmail.com
morgan@gmail.com
ricky@gmail.com
trey@outlook.com
karsyn@gmail.com
langston@gmail.com
miller@protonmail.com
chaim@outlook.com
salvador@gmail.com
amias@protonmail.com
tadeo@yahoo.com
curtis@curtis.com
lachlan@lachlan.com
amos@amos.com
anakin@gmail.com
krew@protonmail.com
tomas@outlook.com
jefferson@jefferson.com
yosef@yahoo.com
bruno@bruno.com
korbin@yahoo.com
augustine@outlook.com
cayson@yahoo.com
mathew@yahoo.com
vihaan@yahoo.com
jamie@jamie.com
clyde@gmail.com
brendan@outlook.com
jagger@outlook.com
carmelo@gmail.com
harry@protonmail.com
nathanael@nathanael.com
mitchell@outlook.com
darren@outlook.com
ray@yahoo.com
jedidiah@gmail.com
jimmy@outlook.com
lochlan@gmail.com
bellamy@gmail.com
eddie@eddie.com
rayden@yahoo.com
reese@outlook.com
stanley@outlook.com
joe@yahoo.com
houston@houston.com
douglas@gmail.com
vincenzo@vincenzo.com
casen@protonmail.com
emery@emery.com
joziah@protonmail.com
leighton@yahoo.com
marcellus@yahoo.com
atreus@gmail.com
aron@aron.com
hugh@yahoo.com
musa@protonmail.com
tommy@tommy.com
alfredo@protonmail.com
junior@outlook.com
neil@yahoo.com
westley@outlook.com
banks@outlook.com
eliel@gmail.com
melvin@melvin.com
maximo@protonmail.com
briar@briar.com
colten@protonmail.com
lance@outlook.com
nova@protonmail.com
trace@gmail.com
axl@protonmail.com
ramon@gmail.com
vicente@yahoo.com
brennan@yahoo.com
caspian@gmail.com
remi@remi.com
deandre@yahoo.com
legacy@yahoo.com
lee@lee.com
valentin@valentin.com
ben@gmail.com
louie@protonmail.com
westin@yahoo.com
wayne@outlook.com
benicio@outlook.com
grey@outlook.com
zayd@yahoo.com
gatlin@yahoo.com
mekhi@yahoo.com
orlando@outlook.com
bjorn@bjorn.com
harley@yahoo.com
alonso@gmail.com
rio@protonmail.com
aldo@outlook.com
byron@yahoo.com
eliseo@yahoo.com
ernesto@outlook.com
talon@talon.com
thaddeus@thaddeus.com
brecken@protonmail.com
kace@outlook.com
kellen@outlook.com
enoch@outlook.com
kiaan@gmail.com
lian@protonmail.com
creed@outlook.com
rohan@rohan.com
callahan@yahoo.com
jaxxon@yahoo.com
ocean@protonmail.com
crosby@outlook.com
dash@protonmail.com
gary@protonmail.com
mylo@mylo.com
ira@yahoo.com
magnus@protonmail.com
salem@yahoo.com
abdullah@abdullah.com
kye@protonmail.com
tru@yahoo.com
forest@protonmail.com
jon@gmail.com
misael@yahoo.com
madden@madden.com
braden@gmail.com
carl@carl.com
hassan@gmail.com
emory@gmail.com
kristian@protonmail.com
alaric@yahoo.com
ambrose@protonmail.com
dario@protonmail.com
allan@outlook.com
bode@protonmail.com
boden@boden.com
juelz@gmail.com
kristopher@protonmail.com
genesis@protonmail.com
idris@gmail.com
ameer@ameer.com
anders@gmail.com
darian@darian.com
kase@gmail.com
aryan@outlook.com
dane@protonmail.com
guillermo@gmail.com
elisha@outlook.com
jakobe@gmail.com
thatcher@yahoo.com
eugene@protonmail.com
ishaan@ishaan.com
larry@gmail.com
wesson@wesson.com
yehuda@gmail.com
alvaro@alvaro.com
bobby@bobby.com
bronson@bronson.com
dilan@gmail.com
kole@outlook.com
kyro@protonmail.com
tristen@protonmail.com
blaze@gmail.com
brayan@brayan.com
jadiel@protonmail.com
kamryn@yahoo.com
demetrius@outlook.com
maurice@outlook.com
arian@outlook.com
kabir@gmail.com
rocky@rocky.com
rudy@protonmail.com
randy@outlook.com
rodney@gmail.com
yousef@yahoo.com
felipe@gmail.com
robin@protonmail.com
aydin@gmail.com
dior@protonmail.com
kaiser@gmail.com
van@outlook.com
brodie@yahoo.com
london@protonmail.com
eithan@yahoo.com
stefan@protonmail.com
ulises@outlook.com
camilo@gmail.com
branson@branson.com
jakari@yahoo.com
judson@judson.com
yahir@outlook.com
zavier@gmail.com
damari@protonmail.com
jakob@gmail.com
jaxx@protonmail.com
bentlee@yahoo.com
cain@gmail.com
niklaus@outlook.com
rey@outlook.com
zahir@zahir.com
aries@protonmail.com
blaine@protonmail.com
kyng@yahoo.com
castiel@yahoo.com
henrik@outlook.com
joey@gmail.com
khalid@yahoo.com
bear@outlook.com
graysen@graysen.com
jair@protonmail.com
kylen@outlook.com
darwin@yahoo.com
alfred@yahoo.com
ayan@ayan.com
kenji@yahoo.com
zakai@zakai.com
avi@gmail.com
cory@protonmail.com
fisher@fisher.com
jacoby@gmail.com
osiris@outlook.com
harlem@gmail.com
jamal@gmail.com
santos@outlook.com
wallace@protonmail.com
brett@yahoo.com
fox@gmail.com
leif@yahoo.com
maison@maison.com
reuben@protonmail.com
adler@outlook.com
zev@zev.com
calum@yahoo.com
kelvin@outlook.com
zechariah@outlook.com
bridger@protonmail.com
mccoy@mccoy.com
seven@yahoo.com
shepard@protonmail.com
azrael@yahoo.com
leroy@leroy.com
terry@yahoo.com
harold@outlook.com
mac@outlook.com
mordechai@gmail.com
ahmir@protonmail.com
cal@cal.com
franco@protonmail.com
trent@protonmail.com
blaise@protonmail.com
coen@protonmail.com
dominik@outlook.com
marley@protonmail.com
davion@davion.com
jeremias@outlook.com
riggs@outlook.com
jones@outlook.com
will@outlook.com
damir@damir.com
dangelo@outlook.com
canaan@gmail.com
dion@protonmail.com
jabari@yahoo.com
landry@landry.com
salvatore@salvatore.com
kody@protonmail.com
hakeem@hakeem.com
truett@yahoo.com
gerald@gerald.com
lyric@outlook.com
gordon@gordon.com
jovanni@jovanni.com
kamdyn@kamdyn.com
alistair@protonmail.com
cillian@outlook.com
foster@yahoo.com
terrance@gmail.com
murphy@protonmail.com
zyair@gmail.com
cedric@protonmail.com
rome@gmail.com
abner@gmail.com
colter@protonmail.com
dayton@yahoo.com
jad@yahoo.com
xzavier@protonmail.com
rene@protonmail.com
vance@gmail.com
duncan@gmail.com
frankie@gmail.com
bishop@protonmail.com
davian@gmail.com
everest@outlook.com
heath@gmail.com
jaxen@protonmail.com
marlon@yahoo.com
maxton@maxton.com
reginald@outlook.com
harris@outlook.com
jericho@outlook.com
keenan@gmail.com
korbyn@outlook.com
wes@gmail.com
eliezer@outlook.com
jeffery@outlook.com
kalel@protonmail.com
kylian@yahoo.com
turner@outlook.com
willie@yahoo.com
rogelio@gmail.com
ephraim@protonmail.com
